{
  "height": 29.038112522686024,
  "tabOrder": 5000,
  "width": 131.25226860254082,
  "x": 1089.5099818511796,
  "y": 41.814882032667875,
  "z": 5000
}