{
  "height": 52.390096008084889,
  "id": 2311997,
  "width": 192.09701869631127,
  "x": 77.614957049014649,
  "y": 598.28196058615458,
  "z": 500
}