{
  "height": 40.439560439560438,
  "tabOrder": 11000,
  "width": 287.47252747252747,
  "x": 862.41758241758248,
  "y": 79.120879120879124,
  "z": 14000
}