{
  "height": 58.410700236034621,
  "tabOrder": 4187,
  "width": 314.20928402832419,
  "x": 903.351691581432,
  "y": 90.6372934697089,
  "z": 7000
}