{
  "height": 19.045257284562926,
  "id": 29795854,
  "tabOrder": 14000,
  "width": 388.04711717296959,
  "x": 403.12461252324857,
  "y": 41.264724116553005,
  "z": 2000
}