{
  "height": 540.193832599119,
  "width": 506.36123348017622,
  "x": 762.36123348017622,
  "y": 120.66960352422907,
  "z": 2000
}