{
  "height": 247.43882544861339,
  "width": 609.72267536704737,
  "x": 185.84013050570962,
  "y": 73.083197389885811,
  "z": 0
}