{
  "height": 36.104768300873069,
  "id": 29795860,
  "tabOrder": 1000,
  "width": 129,
  "x": 152.94917680744442,
  "y": 0,
  "z": 2000
}