{
  "height": 47.603305785123965,
  "tabOrder": 3000,
  "width": 480.26446280991735,
  "x": 245.42148760330579,
  "y": 17.983471074380166,
  "z": 3000
}