{
  "height": 287.47252747252747,
  "tabOrder": 2000,
  "width": 563.5164835164835,
  "x": 678.68131868131866,
  "y": 125.71428571428572,
  "z": 2000
}