{
  "height": 371.99084668192222,
  "tabOrder": 10000,
  "width": 375.89626239511824,
  "x": 426.66666666666669,
  "y": 322.19679633867275,
  "z": 27000
}