{
  "height": 510.76923076923077,
  "tabOrder": 4156,
  "width": 299.7802197802198,
  "x": 926.5934065934066,
  "y": 156.4835164835165,
  "z": 8000
}