{
  "height": 381.36874622128175,
  "width": 426,
  "x": 74.29262394195888,
  "y": 321.93470374848852,
  "z": 49000
}