{
  "height": 39.855595667870041,
  "width": 99.6389891696751,
  "x": 849.09747292418785,
  "y": 259.927797833935,
  "z": 1000
}