{
  "height": 54.516640253565775,
  "tabOrder": 4000,
  "width": 113.47068145800317,
  "x": 11.410459587955627,
  "y": 323.93026941362916,
  "z": 4000
}