{
  "height": 329.68050917090756,
  "id": 2292687,
  "width": 864.91379081849016,
  "x": 327.1472778837998,
  "y": 82.510602205258692,
  "z": 7375
}