{
  "height": 381.24937531234383,
  "width": 426.02698650674665,
  "x": 39.660169915042481,
  "y": 305.98033014742629,
  "z": 3000
}