{
  "height": 50,
  "tabOrder": 18000,
  "width": 120.22099447513813,
  "x": 1046.6180629692383,
  "y": -0.038852043286939288,
  "z": 20000
}