{
  "height": 50,
  "width": 120,
  "x": 733.90646075929521,
  "y": -0.038852043286939288,
  "z": 39000
}