{
  "height": 97.357886309047231,
  "tabOrder": 10015,
  "width": 166.02081665332264,
  "x": 329.99199359487591,
  "y": 74.811849479583657,
  "z": 6000
}