{
  "height": 38.808162543609654,
  "id": 29795893,
  "tabOrder": 22000,
  "width": 118.03433512075489,
  "x": 29.957891287124017,
  "y": 0,
  "z": 3000
}