{
  "height": 176.50380021715529,
  "tabOrder": 15000,
  "width": 419.71769815418025,
  "x": 813.02931596091207,
  "y": 544.799131378936,
  "z": 9000
}