{
  "height": 51.294978040932286,
  "width": 170.98330241187384,
  "x": 1059.7402597402597,
  "y": 5.9369202226345088,
  "z": 36500
}