{
  "height": 231.56421789105448,
  "width": 426.02698650674665,
  "x": 48.807256527986006,
  "y": 40.70464279578961,
  "z": 7000
}