{
  "height": 526.14555256064693,
  "tabOrder": 4187,
  "width": 300.16172506738542,
  "x": 979.83827493261447,
  "y": 139.73045822102426,
  "z": 5000
}