{
  "height": 373.0418943533698,
  "tabOrder": 23000,
  "width": 736.75774134790527,
  "x": 512.93260473588339,
  "y": 321.74863387978144,
  "z": 1000
}