{
  "height": 660.43229011748963,
  "width": 60.15466983938132,
  "x": 1219.8453301606187,
  "y": 59.900844921177871,
  "z": 38000
}