{
  "height": 59.4816800714924,
  "width": 231,
  "x": 1048.9365504915102,
  "y": 0,
  "z": 64000
}