{
  "height": 50,
  "tabOrder": 2000,
  "width": 120,
  "x": 618.31175534283955,
  "y": -0.038852043286940141,
  "z": 7000
}