{
  "height": 370.209617755857,
  "width": 1107.9654747225647,
  "x": 158.91491985203453,
  "y": 331.14673242909987,
  "z": 0
}