{
  "height": 213.68134855899945,
  "id": 6495352,
  "width": 283.98042414355626,
  "x": 638.25992387166934,
  "y": 421.79445350734096,
  "z": 5000
}