{
  "height": 250.98039215686279,
  "tabOrder": 12000,
  "width": 381.84255059906587,
  "x": 0,
  "y": 44.491978609625669,
  "z": 4000
}