{
  "height": 49.420849420849422,
  "tabOrder": 7000,
  "width": 80.308880308880319,
  "x": 644.942084942085,
  "y": 652.35521235521242,
  "z": 11000
}