{
  "height": 37.908002520478895,
  "id": 29795898,
  "tabOrder": 4000,
  "width": 129.85507246376812,
  "x": 154.05163110231982,
  "y": 0,
  "z": 3000
}