{
  "height": 50.713153724247228,
  "tabOrder": 3000,
  "width": 249.7622820919176,
  "x": 0,
  "y": 46.2757527733756,
  "z": 3000
}