{
  "height": 23.626492942453854,
  "tabOrder": 33000,
  "width": 38.914223669924,
  "x": 48.914223669924,
  "y": 604.83170466883826,
  "z": 1000
}