{
  "height": 248.69875222816404,
  "tabOrder": 10000,
  "width": 378.28224709697668,
  "x": 395.19368873190035,
  "y": 44.491978609625669,
  "z": 2000
}