{
  "height": 39.544715447154474,
  "tabOrder": 12000,
  "width": 39.544715447154474,
  "x": 709.33333333333337,
  "y": 693.2682926829267,
  "z": 7000
}