{
  "height": 369.61443806398688,
  "tabOrder": 16015,
  "width": 554.42165709598032,
  "x": 33.601312551271533,
  "y": 261.46021328958159,
  "z": 1000
}