{
  "height": 50,
  "width": 120.22099447513813,
  "x": 264.61806296924033,
  "y": -0.038852043286939288,
  "z": 38000
}