{
  "height": 40.722021660649823,
  "tabOrder": 7000,
  "width": 108.30324909747293,
  "x": 93.574007220216615,
  "y": 6.9314079422382679,
  "z": 3000
}