{
  "height": 42,
  "tabOrder": 8000,
  "width": 410.3249786157794,
  "x": 0,
  "y": 0.45276292335115909,
  "z": 1000
}