{
  "height": 80.8208366219416,
  "width": 230,
  "x": 1050,
  "y": 179.82636148382005,
  "z": 65000
}