{
  "height": 173.22263121604919,
  "width": 1027.9882729053497,
  "x": 237.20703125,
  "y": 62.890625,
  "z": 9500
}