{
  "height": 592.17112299465236,
  "tabOrder": 6001,
  "width": 592.94117647058818,
  "x": 15.401069518716577,
  "y": 105.49732620320856,
  "z": 6001
}