{
  "height": 59.201257430199291,
  "width": 40.4104183109708,
  "x": 202.05209155485397,
  "y": 0,
  "z": 45000
}