{
  "height": 125,
  "id": 2310476,
  "width": 113,
  "x": 13.3399658203125,
  "y": 113.33001708984375,
  "z": 2000
}