{
  "height": 38.88406695598264,
  "id": 29795867,
  "tabOrder": 11000,
  "width": 118.23930564166149,
  "x": 29.557735525329079,
  "y": 0.58277045885624934,
  "z": 0
}