{
  "height": 50,
  "tabOrder": 3000,
  "width": 120,
  "x": 586.18472373526743,
  "y": -0.038852043286940141,
  "z": 12000
}