{
  "height": 67.182320441988949,
  "width": 120.22099447513813,
  "x": 385.92269406436429,
  "y": 0,
  "z": 2000
}