{
  "height": 49.055258467023172,
  "tabOrder": 8125,
  "width": 225.88235294117646,
  "x": 143.7433155080214,
  "y": 293.19073083778966,
  "z": 7000
}