{
  "height": 170.21484375,
  "width": 182.51953125,
  "x": 27.699219584465027,
  "y": 63.4375125169754,
  "z": 10000
}