{
  "height": 50,
  "tabOrder": 9000,
  "width": 96.4065335753176,
  "x": 1012.8493647912885,
  "y": 652,
  "z": 7000
}