{
  "height": 36.104768300873069,
  "id": 29795862,
  "width": 118,
  "x": 29.949176807444417,
  "y": 0,
  "z": 0
}