{
  "height": 269.4736842105263,
  "id": 474669166,
  "width": 465.56390977443607,
  "x": 10.110821856749777,
  "y": 425.86466165413532,
  "z": 1000
}