{
  "height": 60.463458110516932,
  "tabOrder": -9998000,
  "width": 82.139037433155082,
  "x": 51.336898395721931,
  "y": 7.9857397504456333,
  "z": 12000
}