{
  "height": 179.78515625,
  "width": 1279.6875,
  "x": 0,
  "y": 640.52732288837433,
  "z": 5250
}