{
  "height": 54.30167597765363,
  "tabOrder": 21000,
  "width": 47.262569832402235,
  "x": 1205.6983240223462,
  "y": 3.016759776536313,
  "z": 32000
}