{
  "height": 25.858585858585858,
  "id": 29795912,
  "tabOrder": 20000,
  "width": 129.2929292929293,
  "x": 788.68686868686871,
  "y": 62.92255892255892,
  "z": 9000
}