{
  "height": 579.09516380655236,
  "tabOrder": 1000,
  "width": 1201.1232449297972,
  "x": 38.939157566302654,
  "y": 116.81747269890796,
  "z": 0
}