{
  "height": 50,
  "tabOrder": 19000,
  "width": 80.145190562613422,
  "x": 644.64609800362973,
  "y": 652,
  "z": 12000
}