{
  "height": 75.483870967741936,
  "id": 29795902,
  "width": 309.40092165898619,
  "x": 942.30414746543784,
  "y": 40.645161290322584,
  "z": 3000
}