{
  "height": 269.79397781299525,
  "tabOrder": 7000,
  "width": 544.405705229794,
  "x": 81.901743264659274,
  "y": 305.9270998415214,
  "z": 1000
}