{
  "height": 40.073664825046045,
  "tabOrder": 23000,
  "width": 120.22099447513813,
  "x": 733.72966517918485,
  "y": 27.069803573655971,
  "z": 20046
}