{
  "height": 280.36095159967186,
  "tabOrder": 11750,
  "width": 403.2157506152584,
  "x": 623.72436423297779,
  "y": 350.71369975389661,
  "z": 0
}