{
  "height": 40.073664825046045,
  "tabOrder": -4001,
  "width": 120.22099447513813,
  "x": 429.47533147007425,
  "y": 27.069803573655967,
  "z": 2000
}