{
  "height": 48.923556942277692,
  "width": 365.42901716068644,
  "x": 38.939157566302654,
  "y": 19.968798751950079,
  "z": 1000
}