{
  "height": 50.097847358121328,
  "tabOrder": 9000,
  "width": 81.409001956947165,
  "x": 552.32876712328766,
  "y": 652.52446183953032,
  "z": 12000
}