{
  "height": 38.88406695598264,
  "id": 29795901,
  "tabOrder": 7000,
  "width": 118.23930564166149,
  "x": 29.60875547130853,
  "y": 1.3878192295864333,
  "z": 0
}