{
  "height": 59.783393501805058,
  "tabOrder": 8000,
  "width": 206.20938628158848,
  "x": 1051.8411552346572,
  "y": 0,
  "z": 10000
}