{
  "height": 96.322730799069035,
  "id": 6495365,
  "width": 416.73644782777347,
  "x": 784.48409619860354,
  "y": 63.553141970519782,
  "z": 0
}