{
  "height": 19.838809671419714,
  "id": 29795875,
  "tabOrder": 20000,
  "width": 388.84066955982638,
  "x": 403.12461252324857,
  "y": 40.471171729696216,
  "z": 1000
}