{
  "height": 45.755138516532618,
  "tabOrder": -9001,
  "width": 45.755138516532618,
  "x": 28.523920596974481,
  "y": 8.2454163884076479,
  "z": 6000
}