{
  "height": 245.79310344827587,
  "tabOrder": 12000,
  "width": 375.72413793103453,
  "x": 427.0344827586207,
  "y": 68.6896551724138,
  "z": 1000
}