{
  "height": 54.516640253565775,
  "tabOrder": 5000,
  "width": 114.10459587955627,
  "x": 124.8811410459588,
  "y": 323.93026941362916,
  "z": 5000
}