{
  "height": 58.128973660308816,
  "tabOrder": 9500,
  "width": 1171.8801089918256,
  "x": 80.217983651226163,
  "y": 30.227066303360584,
  "z": 2000
}