{
  "height": 39.350982066609738,
  "tabOrder": 4625,
  "width": 405.19214346712209,
  "x": 135.66801674545414,
  "y": 425.33779951375385,
  "z": 5000
}