{
  "height": 34.945397815912642,
  "tabOrder": 10000,
  "width": 299.53198127925117,
  "x": 79.875195007800315,
  "y": 4.99219968798752,
  "z": 1000
}