{
  "height": 189.60352422907491,
  "tabOrder": 21003,
  "width": 120.52863436123349,
  "x": 328.45814977973572,
  "y": 64.845814977973575,
  "z": 35004
}