{
  "height": 39.350982066609738,
  "tabOrder": 9062,
  "width": 190.60631938514089,
  "x": 165.39709649871904,
  "y": 171.70069089064361,
  "z": 8000
}