{
  "height": 50.097847358121328,
  "tabOrder": 10000,
  "width": 80.156555772994125,
  "x": 979.412915851272,
  "y": 652.52446183953032,
  "z": 18000
}