{
  "height": 310.52041633306646,
  "tabOrder": 8000,
  "width": 293.09847878302639,
  "x": 329.99199359487591,
  "y": 326.91753402722179,
  "z": 4000
}