{
  "height": 172.94921875,
  "width": 1027.44140625,
  "x": 239.2578125,
  "y": 449.9413937330246,
  "z": 7000
}