{
  "height": 344.93595217762595,
  "tabOrder": 8250,
  "width": 413.18531169940223,
  "x": 122.35695986336465,
  "y": 284.67976088812981,
  "z": 1000
}