{
  "height": 49.6048632218845,
  "tabOrder": 14000,
  "width": 189.66565349544075,
  "x": 24.316109422492403,
  "y": 10.699088145896656,
  "z": 1000
}