{
  "height": 263.85523210070818,
  "tabOrder": 4000,
  "width": 435.91886130331341,
  "x": 456.06421585339115,
  "y": 427.00236034618422,
  "z": 5000
}