{
  "height": 256.68449197860963,
  "tabOrder": 2250,
  "width": 529.34046345811055,
  "x": 36.506238859180037,
  "y": 387.87878787878788,
  "z": 1000
}