{
  "height": 410.84165477888735,
  "tabOrder": 20000,
  "width": 456.490727532097,
  "x": 71.212553495007143,
  "y": 69.386590584878746,
  "z": 33000
}