{
  "height": 263.15969257045259,
  "tabOrder": 3000,
  "width": 603.1767719897523,
  "x": 0,
  "y": 0.84936410251117422,
  "z": 2000
}