{
  "height": 315.86563307493537,
  "tabOrder": 22000,
  "width": 433.28165374677,
  "x": 71.1111111111111,
  "y": 67.803617571059434,
  "z": 33000
}