{
  "height": 74.98989898989899,
  "id": 29795868,
  "tabOrder": 4000,
  "width": 308.5791245791246,
  "x": 942.976430976431,
  "y": 51.717171717171716,
  "z": 3000
}