{
  "height": 263.7433155080214,
  "tabOrder": 4250,
  "width": 434.11764705882348,
  "x": 456.25668449197855,
  "y": 147.27272727272725,
  "z": 3000
}