{
  "height": 40.073664825046045,
  "tabOrder": -7001,
  "width": 120.22099447513813,
  "x": 0,
  "y": 27.069803573655971,
  "z": 0
}