{
  "height": 27.783018867924529,
  "tabOrder": 14000,
  "width": 975.9905660377359,
  "x": 285,
  "y": 9.8584905660377373,
  "z": 26000
}