{
  "height": 174.6434231378764,
  "tabOrder": 7000,
  "width": 325.19809825673536,
  "x": 444.43740095087162,
  "y": 66.244057052297947,
  "z": 0
}