{
  "height": 380,
  "width": 600,
  "x": 36.173633440514465,
  "y": 719.855305466238,
  "z": 4000
}