{
  "height": 50,
  "tabOrder": 15000,
  "width": 120,
  "x": 577.55065965432289,
  "y": -0.038852043286939288,
  "z": 20125
}