{
  "height": 50.032573289902281,
  "tabOrder": 8000,
  "width": 79.218241042345284,
  "x": 553.13789359391967,
  "y": 651.813246471227,
  "z": 13000
}