{
  "height": 231,
  "id": 29795873,
  "tabOrder": 18000,
  "width": 388.03099087300762,
  "x": 0,
  "y": 50.00182440020189,
  "z": 3000
}