{
  "height": 37.296962182269063,
  "id": 29795865,
  "tabOrder": 9000,
  "width": 129.34903905765654,
  "x": 153.35190787498809,
  "y": 1.3556599813311525,
  "z": 2000
}