{
  "height": 538.9473684210526,
  "tabOrder": 1000,
  "width": 655.09981851179668,
  "x": 36.007259528130668,
  "y": 125.44464609800363,
  "z": 1000
}