{
  "height": 59.017432646592709,
  "tabOrder": 4000,
  "width": 223,
  "x": 22.884310618066561,
  "y": 71.061806656101425,
  "z": 25000
}