{
  "height": 175.68359375,
  "width": 183.88671875,
  "x": 27.015625834465027,
  "y": 256.34765625,
  "z": 8562
}