{
  "height": 329.62911126662,
  "id": 2292687,
  "width": 864.38068579426169,
  "x": 326.94191742477256,
  "y": 82.407277816655,
  "z": 7375
}