{
  "height": 122.85261489698891,
  "tabOrder": 3000,
  "width": 238.4786053882726,
  "x": 454.0729001584786,
  "y": 83.10618066561014,
  "z": 5000
}