{
  "height": 174.22501966955153,
  "tabOrder": 3500,
  "width": 274.93312352478364,
  "x": 1005.0668764752164,
  "y": 73.516915814319432,
  "z": 2000
}