{
  "height": 369.7426016959248,
  "id": 29795897,
  "width": 486.20155038759685,
  "x": 437,
  "y": 50.19308591610482,
  "z": 2000
}