{
  "height": 52.390096008084889,
  "id": 6495296,
  "width": 192.74381000505306,
  "x": 76.968165740272866,
  "y": 450.81354219302676,
  "z": 3000
}