{
  "height": 40,
  "tabOrder": 20000,
  "width": 120,
  "x": 264.61806296924033,
  "y": 27.069803573655971,
  "z": 20375
}