{
  "height": 40.439560439560438,
  "tabOrder": 12000,
  "width": 228.57142857142858,
  "x": 892.30769230769238,
  "y": 14.945054945054945,
  "z": 13000
}