{
  "height": 118.03486529318542,
  "tabOrder": 7000,
  "width": 395.05546751188592,
  "x": 24.088748019017434,
  "y": 523.93026941362916,
  "z": 13000
}