{
  "height": 50.656370656370662,
  "tabOrder": 22000,
  "width": 96.370656370656377,
  "x": 1013.1274131274132,
  "y": 651.1196911196912,
  "z": 4000
}