{
  "height": 49.055258467023172,
  "tabOrder": 6000,
  "width": 225.88235294117646,
  "x": 730.12477718360071,
  "y": 293.19073083778966,
  "z": 8000
}