{
  "height": 287.89225589225589,
  "id": 29795878,
  "width": 274.96296296296305,
  "x": 959.35353535353534,
  "y": 142.22222222222223,
  "z": 11000
}