{
  "height": 40,
  "tabOrder": 27000,
  "width": 150,
  "x": 71.896869244935544,
  "y": 7.07182320441989,
  "z": 22000
}