{
  "height": 18.962962962962962,
  "id": 29795883,
  "tabOrder": 27000,
  "width": 1216.2154882154882,
  "x": 35.340067340067343,
  "y": 700.76767676767679,
  "z": 10000
}