{
  "height": 25.288753799392097,
  "tabOrder": 4000,
  "width": 131.30699088145897,
  "x": 822.85714285714289,
  "y": 41.823708206686931,
  "z": 4000
}