{
  "height": 60,
  "tabOrder": -1,
  "width": 60,
  "x": 21.660649819494587,
  "y": 0.23826714801443927,
  "z": 5000
}