{
  "height": 660,
  "width": 60.15466983938132,
  "x": 1219.8453301606187,
  "y": 60,
  "z": 38000
}