{
  "height": 29.361438313701175,
  "id": 29795906,
  "tabOrder": 13000,
  "width": 123.00061996280222,
  "x": 6.3484190948543082,
  "y": 0,
  "z": 4000
}