{
  "height": 28.488104374520336,
  "tabOrder": 6000,
  "width": 123.77590176515731,
  "x": 959.754412893323,
  "y": 42.240982348426705,
  "z": 6000
}