{
  "height": 27.892234548335978,
  "tabOrder": 1000,
  "width": 249.7622820919176,
  "x": 0,
  "y": 32.329635499207612,
  "z": 1000
}