{
  "height": 23.626492942453854,
  "tabOrder": 34000,
  "width": 38.914223669924,
  "x": 38.914223669924,
  "y": 594.83170466883826,
  "z": 1000
}