{
  "height": 29.038112522686024,
  "tabOrder": 11000,
  "width": 105.69872958257713,
  "x": 157.96733212341198,
  "y": 96.4065335753176,
  "z": 11000
}