{
  "height": 40.823045267489711,
  "id": 474669158,
  "tabOrder": 1000,
  "width": 125.10288065843621,
  "x": 18.436213991769545,
  "y": 661.06995884773664,
  "z": 2000
}