{
  "height": 37.296962182269063,
  "id": 29795899,
  "tabOrder": 5000,
  "width": 129.34903905765654,
  "x": 153.40292782096751,
  "y": 2.1607087520613364,
  "z": 2000
}