{
  "height": 24.50662739322533,
  "tabOrder": 6000,
  "width": 124.4182621502209,
  "x": 965.18409425625907,
  "y": 37.702503681885119,
  "z": 6000
}