{
  "height": 452.27963525835867,
  "tabOrder": 8000,
  "width": 590.39513677811556,
  "x": 34.042553191489361,
  "y": 177.99392097264439,
  "z": 5000
}