{
  "height": 29.010989010989011,
  "tabOrder": 15000,
  "width": 106.37362637362638,
  "x": 369.23076923076923,
  "y": 94.945054945054949,
  "z": 15000
}