{
  "height": 363.32789559543232,
  "width": 1079.5432300163134,
  "x": 186.884176182708,
  "y": 338.2707993474715,
  "z": 2000
}