{
  "height": 39.350982066609738,
  "tabOrder": 9031,
  "width": 153.71477369769428,
  "x": 165.39709649871904,
  "y": 213.66611278043328,
  "z": 9000
}