{
  "height": 119.52855847688123,
  "tabOrder": 7031,
  "width": 263.427017225748,
  "x": 956.22846781505,
  "y": 81.233000906618315,
  "z": 6000
}