{
  "height": 39.560439560439562,
  "tabOrder": 4000,
  "width": 39.560439560439562,
  "x": 1031.868131868132,
  "y": 142.85714285714283,
  "z": 10000
}