{
  "height": 215.62944138995132,
  "id": 2311994,
  "width": 442.27424292637346,
  "x": 769.40864998044162,
  "y": 415.57719054242,
  "z": 7000
}