{
  "height": 281.71109733415989,
  "id": 29795851,
  "width": 791.965282083075,
  "x": 459.46683199008055,
  "y": 418.99566026038434,
  "z": 7000
}