{
  "height": 126.46592709984152,
  "tabOrder": 1000,
  "width": 380.60221870047548,
  "x": 28.906497622820922,
  "y": 79.492868462757528,
  "z": 4000
}