{
  "height": 50.855218855218858,
  "id": 29795879,
  "tabOrder": 24000,
  "width": 94.81481481481481,
  "x": 0,
  "y": 237.037037037037,
  "z": 2000
}