{
  "height": 760,
  "tabOrder": 28000,
  "width": 1279.8113207547171,
  "x": 0.18867924528285585,
  "y": 0,
  "z": 28000
}