{
  "height": 204.50784593437947,
  "tabOrder": 19000,
  "width": 456.490727532097,
  "x": 71.212553495007143,
  "y": 491.18402282453644,
  "z": 0
}