{
  "height": 580.67736185383239,
  "width": 773.475935828877,
  "x": 36.506238859180037,
  "y": 93.547237076648841,
  "z": 8000
}