{
  "height": 272.4848484848485,
  "width": 384,
  "x": 66.9090909090909,
  "y": 0,
  "z": 4
}