{
  "height": 59.017432646592709,
  "width": 222.82091917591126,
  "x": 782.88431061806659,
  "y": 71,
  "z": 4000
}