{
  "height": 226.18035676420695,
  "id": 2292668,
  "width": 419.06700593723491,
  "x": 784.93638676844785,
  "y": 414.36247614503816,
  "z": 9000
}