{
  "height": 662.1028396009209,
  "tabOrder": -12001,
  "width": 14.735226400613966,
  "x": 0,
  "y": 59.923254029163466,
  "z": 9000
}