{
  "height": 232,
  "width": 426,
  "x": 74.167987321711564,
  "y": 75.309033280507137,
  "z": 2000
}