{
  "height": 139.40594059405939,
  "id": 2292691,
  "width": 193.998476770754,
  "x": 77.014470677837011,
  "y": 361.67555217060163,
  "z": 875
}