{
  "height": 42,
  "tabOrder": 6000,
  "width": 525.91800356506235,
  "x": 0,
  "y": 0.452762923351159,
  "z": 1000
}