{
  "height": 50.032573289902281,
  "tabOrder": 16000,
  "width": 80.60803474484257,
  "x": 132.03040173724213,
  "y": 651.813246471227,
  "z": 14000
}