{
  "height": 720,
  "tabOrder": -10001,
  "width": 16.089385474860336,
  "x": 1264.022346368715,
  "y": 0,
  "z": 34000
}