{
  "height": 44.925639500297443,
  "width": 459.91671624033313,
  "x": 554.844336750818,
  "y": 675.07433726204647,
  "z": 750
}