{
  "height": 537.3737373737373,
  "width": 623.030303030303,
  "x": 36.36363636363636,
  "y": 125.25252525252525,
  "z": 0
}