{
  "height": 97.7306468716861,
  "id": 6495309,
  "width": 192.067868504772,
  "x": 77.370095440084839,
  "y": 74.655355249204675,
  "z": 3000
}