{
  "height": 357.09857408555484,
  "id": 29795866,
  "tabOrder": 10000,
  "width": 498.35089894606318,
  "x": 0,
  "y": 11.861385603044605,
  "z": 1000
}