{
  "height": 49.055258467023172,
  "tabOrder": -9999000,
  "width": 104.9554367201426,
  "x": 39.928698752228165,
  "y": 13.689839572192513,
  "z": 13000
}