{
  "height": 60.280561122244492,
  "tabOrder": 8000,
  "width": 238.55711422845692,
  "x": 454.02805611222448,
  "y": 605.370741482966,
  "z": 14000
}