{
  "height": 632.30460921843689,
  "tabOrder": 9000,
  "width": 615.63126252505015,
  "x": 640,
  "y": 67.975951903807612,
  "z": 1000
}