{
  "height": 438.41521394611726,
  "tabOrder": 19000,
  "width": 398.66877971473855,
  "x": 862.37717908082413,
  "y": 216.7987321711569,
  "z": 13000
}