{
  "height": 625.55956678700363,
  "tabOrder": 11000,
  "width": 351.76895306859211,
  "x": 23.393501805054154,
  "y": 67.581227436823113,
  "z": 13000
}