{
  "height": 29.038112522686024,
  "tabOrder": 10000,
  "width": 105.69872958257713,
  "x": 52.268602540834841,
  "y": 96.4065335753176,
  "z": 10000
}