{
  "height": 40,
  "width": 98.199951171875,
  "x": 23,
  "y": 106.60000610351562,
  "z": 14000
}