{
  "height": 269.68553459119494,
  "tabOrder": 5000,
  "width": 644.02515723270437,
  "x": 620.88050314465409,
  "y": 427.67295597484275,
  "z": 5000
}