{
  "height": 261.97486535008977,
  "tabOrder": 1000,
  "width": 666.42728904847388,
  "x": 573.35727109515256,
  "y": 132.13644524236983,
  "z": 1000
}