{
  "height": 629.28704277743327,
  "id": 29795857,
  "tabOrder": 7000,
  "width": 378.52448853068813,
  "x": 34.9163050216987,
  "y": 53.168009919404831,
  "z": 0
}