{
  "height": 139.40594059405939,
  "id": 2312002,
  "width": 193.998476770754,
  "x": 77.014470677837011,
  "y": 509.85529322162984,
  "z": 258
}