{
  "height": 36.123648949256534,
  "id": 29795894,
  "tabOrder": 23000,
  "width": 129.03753585235069,
  "x": 152.993681285877,
  "y": 0,
  "z": 2000
}