{
  "height": 609.28402832415429,
  "tabOrder": -9999000,
  "width": 368.59166011014958,
  "x": 892.2738001573565,
  "y": 88.62313139260425,
  "z": 4000
}