{
  "height": 40.439560439560438,
  "tabOrder": 15000,
  "width": 204.83516483516485,
  "x": 649.67032967032969,
  "y": 210.989010989011,
  "z": 15000
}