{
  "height": 229.79925386980491,
  "id": 2292666,
  "width": 422.32400339270566,
  "x": 783.85072094995758,
  "y": 176.9635284139101,
  "z": 10000
}