{
  "height": 50,
  "width": 80.60803474484257,
  "x": 132.03040173724213,
  "y": 651.56079854809434,
  "z": 19000
}