{
  "height": 39.928698752228165,
  "tabOrder": 16375,
  "width": 45.632798573975045,
  "x": 17.112299465240643,
  "y": 17.112299465240643,
  "z": 14000
}