{
  "height": 31.938579654510555,
  "width": 379.57773512476007,
  "x": 29.481765834932819,
  "y": 99.500959692898263,
  "z": 2000
}