{
  "height": 336.46229739252993,
  "id": 29795900,
  "tabOrder": 6000,
  "width": 486.20155038759685,
  "x": 0,
  "y": 33.280304303394871,
  "z": 1000
}