{
  "height": 16.089385474860336,
  "tabOrder": -11001,
  "width": 1219.7765363128492,
  "x": 60.335195530726253,
  "y": 703.91061452513964,
  "z": 35000
}