{
  "height": 29.179331306990882,
  "tabOrder": 9000,
  "width": 107.96352583586626,
  "x": 520.36474164133745,
  "y": 109.90881458966565,
  "z": 4000
}