{
  "height": 533.26203208556149,
  "tabOrder": -9998000,
  "width": 345.56149732620315,
  "x": 902.88770053475923,
  "y": 147.27272727272725,
  "z": 6000
}