{
  "height": 39.447396386822533,
  "tabOrder": 4000,
  "width": 357.74707757704573,
  "x": 135.66801674545414,
  "y": 467.30322140354349,
  "z": 6000
}