{
  "height": 262.78074866310158,
  "tabOrder": 4125,
  "width": 436.04278074866306,
  "x": 10.588235294117647,
  "y": 427.37967914438497,
  "z": 2000
}