{
  "height": 263.7433155080214,
  "tabOrder": 4500,
  "width": 436.04278074866306,
  "x": 10.638256572651358,
  "y": 147.27272727272725,
  "z": 0
}