{
  "height": 49.055258467023172,
  "tabOrder": -9997000,
  "width": 237.29055258467022,
  "x": 0,
  "y": 0,
  "z": 11000
}