{
  "height": 280.36095159967186,
  "tabOrder": 10875,
  "width": 248.85972108285478,
  "x": 1001.7391304347825,
  "y": 350.71369975389661,
  "z": 9000
}