{
  "height": 50,
  "tabOrder": 1000,
  "width": 120,
  "x": 898.8963259452122,
  "y": -0.038852043286940141,
  "z": 8000
}