{
  "height": 50,
  "tabOrder": 2000,
  "width": 120,
  "x": 742.54052484023987,
  "y": -0.038852043286940141,
  "z": 8000
}