{
  "height": 9.476309226932667,
  "tabOrder": 29000,
  "width": 9.476309226932667,
  "x": 99.8171238570241,
  "y": 99.8171238570241,
  "z": 31000
}