{
  "height": 97.6538146021329,
  "tabOrder": 16062,
  "width": 165.90648072190319,
  "x": 422.11648892534862,
  "y": 76.65299425758819,
  "z": 5000
}