{
  "height": 42.21033868092691,
  "tabOrder": 7000,
  "width": 485.40032591020372,
  "x": 505.9722231094039,
  "y": 0,
  "z": 0
}