{
  "height": 29.038112522686024,
  "tabOrder": 5000,
  "width": 131.25226860254082,
  "x": 1094.1560798548094,
  "y": 37.168784029038115,
  "z": 5000
}