{
  "height": 39.746434231378764,
  "tabOrder": 11000,
  "width": 39.746434231378764,
  "x": 709.17272697726821,
  "y": 597.15712573924452,
  "z": 10000
}