{
  "height": 537,
  "tabOrder": 26000,
  "width": 971.50943396226421,
  "x": 154.15094339622644,
  "y": 120.99056603773586,
  "z": 30000
}