{
  "height": 453.74433363553948,
  "tabOrder": 1000,
  "width": 530.33544877606528,
  "x": 408.48594741613783,
  "y": 235.5757026291931,
  "z": 0
}