{
  "height": 39.855595667870041,
  "tabOrder": 6000,
  "width": 116.96750902527077,
  "x": 93.574007220216615,
  "y": 27.725631768953072,
  "z": 4000
}