{
  "height": 33.548387096774192,
  "tabOrder": 11000,
  "width": 222.79569892473117,
  "x": 276.12903225806451,
  "y": 131.25226860254082,
  "z": 22000
}