{
  "height": 624.4743935309973,
  "tabOrder": 9000,
  "width": 449.38005390835576,
  "x": 808.1940700808625,
  "y": 69.002695417789752,
  "z": 26000
}