{
  "height": 218.28662930344274,
  "tabOrder": 10000,
  "width": 731.72137710168136,
  "x": 524.70776621297034,
  "y": 75.836669335468372,
  "z": 8000
}