{
  "height": 336.17570803401861,
  "id": 29795895,
  "tabOrder": 24000,
  "width": 486.1414141414142,
  "x": 0,
  "y": 31.016211157900528,
  "z": 1000
}