{
  "height": 347.26688102893888,
  "width": 417.20257234726688,
  "x": 431.39571162282084,
  "y": 1139.4694533762058,
  "z": 8000
}