{
  "height": 382.75728155339806,
  "width": 426.252427184466,
  "x": 74.5631067961165,
  "y": 320.621359223301,
  "z": 1500
}