{
  "height": 49.420849420849422,
  "tabOrder": 1000,
  "width": 80.308880308880319,
  "x": 223.62934362934365,
  "y": 652.35521235521242,
  "z": 17000
}