{
  "height": 31.892255892255893,
  "id": 29795882,
  "tabOrder": 23000,
  "width": 149.97979797979798,
  "x": 466.31649831649833,
  "y": 379.25925925925924,
  "z": 9000
}