{
  "height": 33.724247226624406,
  "tabOrder": 16000,
  "width": 222.82091917591126,
  "x": 1034.7353260263972,
  "y": 131.283676703645,
  "z": 24000
}