{
  "height": 428.88086642599279,
  "tabOrder": 21007,
  "width": 427.14801444043326,
  "x": 21.660649819494587,
  "y": 264.25992779783394,
  "z": 35008
}