{
  "height": 39.746434231378764,
  "tabOrder": 4000,
  "width": 39.746434231378764,
  "x": 709.17272697726821,
  "y": 694.96038034865217,
  "z": 4000
}