{
  "height": 50,
  "tabOrder": 4000,
  "width": 120,
  "x": 358.2864616250958,
  "y": -0.038852043286940141,
  "z": 10000
}