{
  "height": 625.84286803966438,
  "tabOrder": 11000,
  "width": 394.44698703279943,
  "x": 23.432494279176204,
  "y": 67.368421052631575,
  "z": 13000
}