{
  "height": 87.121001390820581,
  "id": 2292730,
  "width": 418.58136300417249,
  "x": 783.75847531293459,
  "y": 80.111273286737216,
  "z": 0
}