{
  "height": 280.64171122994651,
  "tabOrder": 11312,
  "width": 403.85026737967911,
  "x": 624.02852049910871,
  "y": 350.23172905525848,
  "z": 10000
}