{
  "height": 29.517819706498951,
  "tabOrder": 8000,
  "width": 105.9958071278826,
  "x": 158.32285115303984,
  "y": 95.262054507337524,
  "z": 9500
}