{
  "height": 310.67961165048541,
  "width": 748.11650485436894,
  "x": 515.72815533980588,
  "y": 392.69902912621359,
  "z": 1000
}