{
  "height": 172.94921875,
  "width": 1027.44140625,
  "x": 238.71094584465027,
  "y": 838.2226437330246,
  "z": 5000
}