{
  "height": 610.29110936270661,
  "tabOrder": 4000,
  "width": 880.18882769472862,
  "x": 379.66955153422504,
  "y": 87.616050354051936,
  "z": 4000
}