{
  "height": 45.755138516532618,
  "width": 45.755138516532618,
  "x": 6.863270777479892,
  "y": 8.0071492403932076,
  "z": 26750
}