{
  "height": 40.073664825046045,
  "tabOrder": -3001,
  "width": 120.22099447513813,
  "x": 585.91953036510176,
  "y": 27.069803573655967,
  "z": 11000
}