{
  "height": 355.43801652892563,
  "tabOrder": 1000,
  "width": 425.25619834710744,
  "x": 817.71900826446279,
  "y": 124.82644628099173,
  "z": 1000
}