{
  "height": 374.48730009407336,
  "width": 313.07619943555977,
  "x": 72.2483537158984,
  "y": 329.934148635936,
  "z": 3000
}