{
  "height": 98.136300417246176,
  "id": 2342571,
  "width": 192.26703755215578,
  "x": 78.108484005563284,
  "y": 376.19250301525557,
  "z": 4750
}