{
  "height": 39.350982066609738,
  "tabOrder": 9015,
  "width": 182.61315115286081,
  "x": 165.39709649871904,
  "y": 255.63153467022295,
  "z": 10000
}