{
  "height": 38.787878787878789,
  "id": 29795859,
  "tabOrder": 2000,
  "width": 118,
  "x": 29.949176807444417,
  "y": 0,
  "z": 3000
}