{
  "height": 79.8694942903752,
  "width": 230.21207177814031,
  "x": 1049.7879282218598,
  "y": 418.1402936378467,
  "z": 31000
}