{
  "height": 20.632362058276502,
  "id": 29795876,
  "tabOrder": 21000,
  "width": 388.84066955982638,
  "x": 0.79355238685678853,
  "y": 40.471171729696216,
  "z": 0
}