{
  "height": 198.50267379679144,
  "tabOrder": 8062,
  "width": 199.6434937611408,
  "x": 143.7433155080214,
  "y": 351.3725490196079,
  "z": 4000
}