{
  "height": 760.2171552660152,
  "tabOrder": 14000,
  "width": 500.32573289902285,
  "x": 764.386536373507,
  "y": 0,
  "z": 8000
}