{
  "height": 62.75752773375595,
  "tabOrder": 9000,
  "width": 244.0570522979398,
  "x": 3.8034865293185423,
  "y": 273.21711568938196,
  "z": 9000
}