{
  "height": 256.68449197860963,
  "tabOrder": 2000,
  "width": 528.19964349376107,
  "x": 697.04099821746877,
  "y": 387.87878787878788,
  "z": 2000
}