{
  "height": 70.329670329670336,
  "tabOrder": 13000,
  "width": 724.39560439560444,
  "x": 25.494505494505496,
  "y": 49.230769230769234,
  "z": 0
}