{
  "height": 179.78515625,
  "width": 1279.6875,
  "x": 0,
  "y": 58.515629172325134,
  "z": 8875
}