{
  "height": 629.18918918918916,
  "width": 745.8430109797298,
  "x": 458.48131334459458,
  "y": 74.954954954954957,
  "z": 500
}