{
  "height": 36.123648949256534,
  "id": 29795896,
  "tabOrder": 25000,
  "width": 118.03433512075489,
  "x": 29.957891287124017,
  "y": 0,
  "z": 0
}