{
  "height": 15.717574827321565,
  "tabOrder": -11001,
  "width": 1280,
  "x": 0,
  "y": 704.34382194934756,
  "z": 20000
}