{
  "height": 299.53198127925117,
  "width": 380.405616224649,
  "x": 853.66614664586587,
  "y": 95.850234009360378,
  "z": 0
}