{
  "height": 269.23351158645278,
  "tabOrder": 13000,
  "width": 381.84255059906587,
  "x": 0,
  "y": 311.44385026737967,
  "z": 5000
}