{
  "height": 80.697305863708408,
  "tabOrder": 11000,
  "width": 150.55467511885897,
  "x": 454.0729001584786,
  "y": 249.31854199683045,
  "z": 9000
}