{
  "height": 249.67032967032969,
  "tabOrder": 1000,
  "width": 563.5164835164835,
  "x": 678.68131868131866,
  "y": 413.1868131868132,
  "z": 1000
}