{
  "name": "f46a871a468008ec3000",
  "layouts": [
    {
      "id": 0,
      "position": {
        "x": 565.84670231729058,
        "y": 387.87878787878788,
        "z": 3000,
        "width": 124.34937611408199,
        "height": 60.463458110516932,
        "tabOrder": 2125
      }
    }
  ],
  "singleVisual": {
    "visualType": "textbox",
    "drillFilterOtherVisuals": true,
    "objects": {
      "general": [
        {
          "properties": {
            "paragraphs": [
              {
                "textRuns": [
                  {
                    "value": "Compare to:"
                  }
                ]
              }
            ]
          }
        }
      ]
    }
  }
}