{
  "height": 60.463458110516932,
  "tabOrder": 2125,
  "width": 124.34937611408199,
  "x": 565.84670231729058,
  "y": 387.87878787878788,
  "z": 3000
}