{
  "height": 54.817987152034256,
  "tabOrder": 3000,
  "width": 380.98501070663809,
  "x": 28.779443254817984,
  "y": 534.475374732334,
  "z": 2500
}