{
  "height": 172.94921875,
  "width": 1027.44140625,
  "x": 239.80467915534973,
  "y": 644.0820187330246,
  "z": 5500
}