{
  "height": 47.603305785123965,
  "tabOrder": 3000,
  "width": 581.81818181818187,
  "x": 236.95867768595042,
  "y": 22.214876033057852,
  "z": 3000
}