{
  "height": 538.46702317290556,
  "tabOrder": 7000,
  "width": 20.53475935828877,
  "x": 809.98217468805706,
  "y": 135.75757575757575,
  "z": 1000
}