{
  "height": 83.176895306859208,
  "width": 65.848375451263536,
  "x": 1214.1516245487364,
  "y": 157.11191335740074,
  "z": 16000
}