{
  "height": 262.41001564945225,
  "tabOrder": 2000,
  "width": 460.71987480438185,
  "x": 36.056338028169016,
  "y": 132.20657276995306,
  "z": 2000
}