{
  "height": 368.95995968859944,
  "id": 29795863,
  "width": 498.35089894606318,
  "x": 437.05106794646258,
  "y": 50.998134686835,
  "z": 2000
}