{
  "height": 116.69865642994242,
  "tabOrder": 1000,
  "width": 427.4856046065259,
  "x": 6.1420345489443378,
  "y": 597.00575815738966,
  "z": 5000
}