{
  "height": 59.896013864818023,
  "tabOrder": 8000,
  "width": 212.9636048526863,
  "x": 1051.5077989601386,
  "y": 0,
  "z": 10000
}