{
  "height": 211.09350237717911,
  "width": 227.57527733755944,
  "x": 11.410459587955627,
  "y": 71.632329635499218,
  "z": 0
}