{
  "height": 40.073664825046045,
  "tabOrder": -5001,
  "width": 120.22099447513813,
  "x": 618.13495976272918,
  "y": 27.069803573655967,
  "z": 6000
}