{
  "height": 248.69875222816398,
  "tabOrder": 8000,
  "width": 484.84848484848482,
  "x": 543.030303030303,
  "y": 138.0392156862745,
  "z": 4000
}