{
  "height": 302.63565891472865,
  "tabOrder": 20000,
  "width": 737.57105943152453,
  "x": 514.3152454780361,
  "y": 391.937984496124,
  "z": 31000
}