{
  "height": 40.073664825046045,
  "tabOrder": 25000,
  "width": 120.22099447513813,
  "x": 1046.6180629692385,
  "y": 27.069803573655971,
  "z": 14000
}