{
  "height": 9.476309226932667,
  "tabOrder": 31000,
  "width": 9.476309226932667,
  "x": 119.8171238570241,
  "y": 119.8171238570241,
  "z": 27000
}