{
  "height": 174.31640625,
  "width": 182.51953125,
  "x": 27.699219584465027,
  "y": 451.171875,
  "z": 7312
}