{
  "height": 381.02893890675239,
  "width": 600.48231511254016,
  "x": 655.9485530546624,
  "y": 719.855305466238,
  "z": 5000
}