{
  "height": 625.392296718973,
  "tabOrder": 22000,
  "width": 713.03851640513562,
  "x": 536.83309557774612,
  "y": 69.386590584878746,
  "z": 1000
}