{
  "height": 50.586370839936613,
  "width": 193.91442155309034,
  "x": 81.901743264659274,
  "y": 560.06339144215531,
  "z": 2000
}