{
  "height": 302.68156424581,
  "tabOrder": 19000,
  "width": 433.40782122905028,
  "x": 71.396648044692739,
  "y": 392.17877094972067,
  "z": 0
}