{
  "height": 68.324128985163583,
  "width": 797.40297021170431,
  "x": 232.21226569836489,
  "y": -0.038852043286940141,
  "z": 14000
}