{
  "height": 489.41176470588232,
  "width": 990.23172905525848,
  "x": 108.37789661319073,
  "y": 208.77005347593581,
  "z": 0
}