{
  "height": 326.80851063829789,
  "width": 543.70820668693011,
  "x": 680.85106382978722,
  "y": 384.19452887537994,
  "z": 2000
}