{
  "height": 39.746434231378764,
  "tabOrder": 6000,
  "width": 39.746434231378764,
  "x": 709.17272697726821,
  "y": 595.30346720265925,
  "z": 11000
}