{
  "height": 30.156648520098532,
  "id": 29795852,
  "tabOrder": 12000,
  "width": 129.23612563345702,
  "x": 132.80837606301506,
  "y": 0,
  "z": 1000
}