{
  "height": 40.073664825046045,
  "tabOrder": -4001,
  "width": 120.22099447513813,
  "x": 357.93287046487484,
  "y": 27.069803573655967,
  "z": 1000
}