{
  "height": 71.048458149779734,
  "tabOrder": 6000,
  "width": 177.05726872246697,
  "x": 541.3215859030837,
  "y": 170.2907488986784,
  "z": 0
}