{
  "height": 50,
  "width": 120,
  "x": 577.55065965432289,
  "y": -0.038852043286939288,
  "z": 13000
}