{
  "height": 198.50267379679144,
  "tabOrder": 4000,
  "width": 199.6434937611408,
  "x": 729.85739750445646,
  "y": 341.97860962566858,
  "z": 2000
}