{
  "height": 530.45045045045049,
  "id": 476350754,
  "tabOrder": 3000,
  "width": 274.45045045045043,
  "x": 25.36936936936937,
  "y": 103.78378378378379,
  "z": 0
}