{
  "height": 50.032573289902281,
  "tabOrder": 17000,
  "width": 80.60803474484257,
  "x": 223.756786102063,
  "y": 651.813246471227,
  "z": 18000
}