{
  "height": 79.8694942903752,
  "tabOrder": 39000,
  "width": 230.21207177814031,
  "x": 1049.7879282218598,
  "y": 259.44535073409463,
  "z": 33000
}