{
  "height": 50,
  "tabOrder": 16000,
  "width": 80.145190562613422,
  "x": 132.41379310344828,
  "y": 652,
  "z": 14000
}