{
  "height": 55.384615384615387,
  "tabOrder": 2000,
  "width": 55.384615384615387,
  "x": 956.4835164835165,
  "y": 134.94505494505495,
  "z": 8000
}