{
  "height": 31.94295900178253,
  "tabOrder": 6000,
  "width": 384.45632798573973,
  "x": 822.53119429590015,
  "y": 93.547237076648841,
  "z": 0
}