{
  "height": 30.162002945508096,
  "tabOrder": 5000,
  "width": 131.0162002945508,
  "x": 818.14432989690715,
  "y": 42.415316642120764,
  "z": 5000
}