{
  "height": 50,
  "tabOrder": 17000,
  "width": 80.145190562613422,
  "x": 224.17422867513611,
  "y": 652,
  "z": 18000
}