{
  "height": 539.37106918238987,
  "tabOrder": 16000,
  "width": 655.09433962264154,
  "x": 35.220125786163521,
  "y": 125.78616352201257,
  "z": 1500
}