{
  "height": 50,
  "tabOrder": 4000,
  "width": 120,
  "x": 429.82892263029521,
  "y": -0.038852043286940141,
  "z": 11000
}