{
  "height": 28.131868131868131,
  "tabOrder": 21000,
  "width": 254.94505494505495,
  "x": 649.67032967032969,
  "y": 254.94505494505495,
  "z": 21000
}