{
  "height": 42.210338680926917,
  "tabOrder": 9000,
  "width": 378.71279743051571,
  "x": 394.76313839836121,
  "y": 0,
  "z": 0
}