{
  "height": 50.097847358121328,
  "tabOrder": 23000,
  "width": 80.156555772994125,
  "x": 1072.0939334637965,
  "y": 652.52446183953032,
  "z": 13500
}