{
  "height": 263.85523210070818,
  "tabOrder": 4000,
  "width": 461.05835734156682,
  "x": 478.240762594764,
  "y": 427.00236034618422,
  "z": 4000
}