{
  "height": 50,
  "tabOrder": 5000,
  "width": 120.22099447513813,
  "x": 232.21226569836489,
  "y": -0.038852043286940141,
  "z": 12000
}