{
  "height": 442.540834845735,
  "tabOrder": 5000,
  "width": 392.59528130671504,
  "x": 443.70235934664248,
  "y": 217.20508166969145,
  "z": 10000
}