{
  "height": 40.439560439560438,
  "tabOrder": 17000,
  "width": 253.1868131868132,
  "x": 670.769230769231,
  "y": 356.92307692307696,
  "z": 17000
}