{
  "height": 27.892234548335978,
  "tabOrder": 2000,
  "width": 249.7622820919176,
  "x": 0,
  "y": 17.115689381933439,
  "z": 2000
}