{
  "height": 59.354838709677416,
  "tabOrder": 10000,
  "width": 222.79569892473117,
  "x": 276.12903225806451,
  "y": 71.061806656101425,
  "z": 23000
}