{
  "height": 107,
  "width": 116.199951171875,
  "x": 113.800048828125,
  "y": 35.600006103515625,
  "z": 1000
}