{
  "height": 121.53535353535354,
  "id": 29795881,
  "tabOrder": 25000,
  "width": 274.962962962963,
  "x": 0,
  "y": 115.50168350168349,
  "z": 1000
}