{
  "height": 342.28983186549237,
  "tabOrder": 10062,
  "width": 332.04163330664528,
  "x": 23.570856685348279,
  "y": 74.811849479583657,
  "z": 1000
}