{
  "height": 100.4000244140625,
  "width": 71,
  "x": 119,
  "y": 33.600006103515625,
  "z": 4000
}