{
  "height": 442.540834845735,
  "tabOrder": 21000,
  "width": 392.59528130671504,
  "x": 865.33575317604357,
  "y": 217.20508166969145,
  "z": 5000
}