{
  "height": 629.04422253922974,
  "tabOrder": 21005,
  "width": 448.2738944365193,
  "x": 808.90156918687592,
  "y": 64.821683309557784,
  "z": 35006
}