{
  "height": 347.26688102893888,
  "width": 417.20257234726688,
  "x": 0,
  "y": 1139.4694533762058,
  "z": 2000
}