{
  "height": 241.31147540983608,
  "tabOrder": 20000,
  "width": 983.89799635701274,
  "x": 71.111111111111114,
  "y": 67.613843351548269,
  "z": 33000
}