{
  "height": 632.173095014111,
  "width": 866.98024459078079,
  "x": 397.36594543744121,
  "y": 72.2483537158984,
  "z": 34
}