{
  "height": 230.93643998285981,
  "id": 29795886,
  "tabOrder": 9000,
  "width": 389.28442721297421,
  "x": 402.6808548701008,
  "y": 50.774657351300085,
  "z": 0
}