{
  "height": 50.097847358121328,
  "tabOrder": 21000,
  "width": 80.156555772994125,
  "x": 645.0097847358121,
  "y": 652.52446183953032,
  "z": 9000
}