{
  "height": 352.90015847860542,
  "tabOrder": 4000,
  "width": 395.05546751188592,
  "x": 864.78605388272581,
  "y": 285.45166402535659,
  "z": 15000
}