{
  "height": 25.393676379417233,
  "id": 29795903,
  "tabOrder": 1000,
  "width": 116.65220086794791,
  "x": 467.40235585864843,
  "y": 422.96342219466828,
  "z": 4000
}