{
  "height": 59.017432646592709,
  "tabOrder": 15000,
  "width": 222.82091917591126,
  "x": 1034.7353260263972,
  "y": 71,
  "z": 23000
}