{
  "height": 40.251572327044023,
  "tabOrder": 7000,
  "width": 118.74213836477988,
  "x": 198.23899371069183,
  "y": 645.03144654088044,
  "z": 7000
}