{
  "height": 119.52855847688123,
  "tabOrder": 7250,
  "width": 263.427017225748,
  "x": 131.13327289211242,
  "y": 81.233000906618315,
  "z": 3000
}