{
  "height": 115.5016835016835,
  "id": 29795916,
  "tabOrder": 27000,
  "width": 274.962962962963,
  "x": 0,
  "y": 0,
  "z": 0
}