{
  "height": 189.74729241877259,
  "tabOrder": 21001,
  "width": 169.81949458483757,
  "x": 21.660649819494587,
  "y": 64.981949458483754,
  "z": 35002
}