{
  "height": 494.47678992918964,
  "width": 495.48387096774195,
  "x": 10.070810385523211,
  "y": 0,
  "z": 1
}