{
  "height": 308.47077662129703,
  "tabOrder": 7000,
  "width": 594.39551641313051,
  "x": 651.78542834267409,
  "y": 326.91753402722179,
  "z": 3000
}