{
  "height": 441.37931034482756,
  "tabOrder": 2000,
  "width": 395.817575083426,
  "x": 444.22691879866517,
  "y": 216.4182424916574,
  "z": 10000
}