{
  "height": 80.8208366219416,
  "width": 230.33938437253354,
  "x": 1049.6606156274665,
  "y": 258.62667719021312,
  "z": 58000
}