{
  "height": 441,
  "tabOrder": 20000,
  "width": 392.59528130671504,
  "x": 23.230490018148821,
  "y": 217.20508166969145,
  "z": 15000
}