{
  "height": 344.93595217762595,
  "tabOrder": 8000,
  "width": 413.18531169940223,
  "x": 708.932536293766,
  "y": 277.91631084543127,
  "z": 0
}