{
  "height": 371.69675090252713,
  "tabOrder": 10000,
  "width": 407.22021660649824,
  "x": 389.02527075812276,
  "y": 322.31046931407946,
  "z": 12000
}