{
  "height": 25.815126050420169,
  "tabOrder": 5000,
  "width": 100.03361344537815,
  "x": 1105.7478991596638,
  "y": 49.478991596638657,
  "z": 5000
}