{
  "height": 33.684210526315788,
  "tabOrder": 6000,
  "width": 223.01270417422867,
  "x": 23.230490018148821,
  "y": 131.25226860254082,
  "z": 24000
}