{
  "height": 442.540834845735,
  "tabOrder": 3000,
  "width": 392.59528130671504,
  "x": 23.230490018148821,
  "y": 217.20508166969145,
  "z": 16000
}