{
  "height": 67.108655616942912,
  "width": 120.22099447513813,
  "x": 0,
  "y": 0,
  "z": 5000
}