{
  "height": 79.8694942903752,
  "tabOrder": 40000,
  "width": 230.21207177814031,
  "x": 1049.7879282218598,
  "y": 338.79282218597064,
  "z": 32000
}