{
  "height": 84.003281378178826,
  "tabOrder": 16031,
  "width": 216.3084495488105,
  "x": 30.451189499589827,
  "y": 197.40771123872025,
  "z": 2000
}