{
  "height": 289.811320754717,
  "id": 474669170,
  "tabOrder": 1000,
  "width": 550.29649595687329,
  "x": 677.95148247978432,
  "y": 87.11590296495956,
  "z": 0
}