{
  "height": 39.706122448979592,
  "id": 29795911,
  "tabOrder": 19000,
  "width": 123.29795918367347,
  "x": 463.934693877551,
  "y": 51.2,
  "z": 8000
}