{
  "height": 244.64088397790056,
  "width": 316.24309392265195,
  "x": 72.596685082872924,
  "y": 72.596685082872924,
  "z": 33001
}