{
  "height": 25.449189985272458,
  "tabOrder": 4000,
  "width": 99.911634756995568,
  "x": 977.43740795287181,
  "y": 49.955817378497784,
  "z": 4000
}