{
  "height": 168.49256381867039,
  "id": 2292632,
  "width": 108.36522193471338,
  "x": 1070.7430583200637,
  "y": 91.719745222929944,
  "z": 8875
}