{
  "height": 307.66439909297048,
  "width": 748.84353741496591,
  "x": 515.19274376417229,
  "y": 75.464852607709744,
  "z": 500
}