{
  "height": 22.239382239382241,
  "tabOrder": 34000,
  "width": 38.3011583011583,
  "x": 49.420849420849422,
  "y": 628.88030888030892,
  "z": 0
}