{
  "height": 213.68134855899945,
  "id": 6495351,
  "width": 283.98042414355626,
  "x": 331.310494834149,
  "y": 421.0984230560087,
  "z": 6000
}