{
  "height": 30.452801227935531,
  "tabOrder": 2000,
  "width": 130.65234075211049,
  "x": 1090.4067536454336,
  "y": 42.240982348426705,
  "z": 5000
}