{
  "height": 537.17908082408871,
  "tabOrder": 24000,
  "width": 971.98098256735341,
  "x": 154,
  "y": 121,
  "z": 34000
}