{
  "height": 45.755138516532618,
  "tabOrder": -9001,
  "width": 45.755138516532618,
  "x": 6.863270777479892,
  "y": 8.0071492403932076,
  "z": 20000
}