{
  "height": 281.00182440020188,
  "id": 29795905,
  "width": 791.965282083075,
  "x": 459,
  "y": 419.99817559979812,
  "z": 6000
}