{
  "height": 40.330188679245289,
  "tabOrder": 13000,
  "width": 691.88679245283026,
  "x": 544.00943396226421,
  "y": 134.43396226415095,
  "z": 20000
}