{
  "height": 40.073664825046045,
  "tabOrder": 21000,
  "width": 120.22099447513813,
  "x": 420.84126738912983,
  "y": 27.069803573655971,
  "z": 10000
}