{
  "height": 139.19332406119611,
  "id": 2342566,
  "width": 194.26981919332405,
  "x": 76.776632380585013,
  "y": 222.30876216968011,
  "z": 9000
}