{
  "height": 39.936608557844693,
  "tabOrder": 7000,
  "width": 100.15847860538828,
  "x": 131.85419968304279,
  "y": 343.581616481775,
  "z": 7000
}