{
  "height": 139.40594059405939,
  "id": 6495330,
  "width": 193.998476770754,
  "x": 77.014470677837011,
  "y": 213.49581111957349,
  "z": 9000
}