{
  "height": 67.182320441988949,
  "width": 120.26519337016566,
  "x": 248.33464768233472,
  "y": 1.1418085431746334,
  "z": 3000
}