{
  "height": 297.14285714285711,
  "id": 474669170,
  "width": 465.56390977443607,
  "x": 10.110821856749777,
  "y": 104.66165413533834,
  "z": 0
}