{
  "height": 297.86163522012578,
  "tabOrder": 4000,
  "width": 636.98113207547169,
  "x": 620.88050314465409,
  "y": 105.66037735849056,
  "z": 4000
}