{
  "height": 39.350982066609738,
  "tabOrder": 9000,
  "width": 208.43723313407344,
  "x": 165.39709649871904,
  "y": 297.59695656001259,
  "z": 11000
}