{
  "height": 363.56302521008405,
  "tabOrder": 1000,
  "width": 420.57142857142856,
  "x": 819.63025210084038,
  "y": 299.02521008403363,
  "z": 1000
}