{
  "height": 119.78609625668449,
  "tabOrder": 2000,
  "width": 263.52941176470586,
  "x": 783.47593582887714,
  "y": 461.76470588235293,
  "z": 6000
}