{
  "height": 67.182320441988949,
  "width": 120.35359116022096,
  "x": 125.72060476650995,
  "y": 0,
  "z": 4000
}