{
  "height": 316.68861712135464,
  "tabOrder": 21000,
  "width": 540.65851364063974,
  "x": 514.167450611477,
  "y": 67.431796801505172,
  "z": 32000
}