{
  "height": 33.724247226624406,
  "tabOrder": 14000,
  "width": 222.82091917591126,
  "x": 782.88431061806659,
  "y": 131.283676703645,
  "z": 22000
}