{
  "height": 453.74433363553948,
  "tabOrder": 7015,
  "width": 373.67180417044426,
  "x": 20.888485947416143,
  "y": 235.5757026291931,
  "z": 2000
}