{
  "height": 719.15789473684208,
  "width": 272.84210526315792,
  "x": 1005.4736842105264,
  "y": 0,
  "z": 53000
}