{
  "height": 39.878419452887542,
  "tabOrder": 10000,
  "width": 322.91793313069911,
  "x": 34.042553191489361,
  "y": 128.38905775075989,
  "z": 3000
}