{
  "height": 115.5016835016835,
  "id": 29795880,
  "tabOrder": 26000,
  "width": 274.962962962963,
  "x": 0,
  "y": 0,
  "z": 0
}