{
  "height": 52.390096008084889,
  "id": 6495321,
  "width": 194.03739262253663,
  "x": 76.321374431531069,
  "y": 158.46387064173825,
  "z": 5125
}