{
  "height": 247.43882544861339,
  "width": 446.85154975530179,
  "x": 819.57585644371943,
  "y": 73.083197389885811,
  "z": 1000
}