{
  "height": 230.93643998285981,
  "id": 29795888,
  "tabOrder": 11000,
  "width": 389.28442721297421,
  "x": 0,
  "y": 50.774657351300085,
  "z": 3000
}