{
  "height": 316.00199900049978,
  "width": 711.32433783108445,
  "x": 524.32451742878561,
  "y": 367.17641179410293,
  "z": 2000
}