{
  "height": 40,
  "width": 112.20001220703125,
  "x": 0,
  "y": 80.199981689453125,
  "z": 6000
}