{
  "height": 50,
  "tabOrder": 18000,
  "width": 80.145190562613422,
  "x": 552.88566243194191,
  "y": 652,
  "z": 8000
}