{
  "height": 50,
  "tabOrder": 16000,
  "width": 120,
  "x": 890.26226186426754,
  "y": -0.038852043286939288,
  "z": 20031
}