{
  "height": 50,
  "tabOrder": 3000,
  "width": 120,
  "x": 480.81210675086527,
  "y": 1.1029564998876933,
  "z": 9000
}