{
  "height": 264.00905667296377,
  "width": 1264.7651579846286,
  "x": 15.284315448560829,
  "y": 456.12725990544328,
  "z": 3000
}