{
  "height": 629.11153119092637,
  "id": 29795891,
  "tabOrder": 3000,
  "width": 386.33900441083807,
  "x": 28.229363579080026,
  "y": 53.232514177693766,
  "z": 0
}