{
  "height": 29.038112522686024,
  "tabOrder": 12000,
  "width": 105.69872958257713,
  "x": 263.66606170598908,
  "y": 96.4065335753176,
  "z": 12000
}