{
  "height": 53.232514177693766,
  "width": 489.98109640831757,
  "x": 16.937618147448017,
  "y": 0,
  "z": 5000
}