{
  "height": 30.199637023593464,
  "tabOrder": 6000,
  "width": 124.28312159709618,
  "x": 965.22686025408348,
  "y": 41.814882032667875,
  "z": 6000
}