{
  "height": 304.31941923774951,
  "tabOrder": 2000,
  "width": 516.87840290381121,
  "x": 725.9528130671506,
  "y": 360.07259528130669,
  "z": 2000
}