{
  "height": 49.420849420849422,
  "tabOrder": 8000,
  "width": 80.308880308880319,
  "x": 552.27799227799233,
  "y": 652.35521235521242,
  "z": 13000
}