{
  "height": 29.517819706498951,
  "tabOrder": 13000,
  "width": 105.9958071278826,
  "x": 52.327044025157228,
  "y": 95.262054507337524,
  "z": 13000
}