{
  "height": 80.8208366219416,
  "width": 230.33938437253354,
  "x": 1049.6606156274665,
  "y": 337.42699289660612,
  "z": 57000
}