{
  "height": 429.74729241877259,
  "tabOrder": 21006,
  "width": 346.57039711191339,
  "x": 455.74007220216612,
  "y": 264.25992779783394,
  "z": 35007
}