{
  "height": 213.18541996830427,
  "tabOrder": 3000,
  "width": 36.133122028526152,
  "x": 711.58160177917,
  "y": 514.294770206022,
  "z": 0
}