{
  "height": 97.6538146021329,
  "tabOrder": 16093,
  "width": 165.90648072190319,
  "x": 227.85890073831007,
  "y": 76.65299425758819,
  "z": 4000
}