{
  "height": 40.073664825046045,
  "tabOrder": -3001,
  "width": 120.22099447513813,
  "x": 480.54691338069961,
  "y": 28.2116121168306,
  "z": 8000
}