{
  "height": 231.14563106796118,
  "width": 425.00970873786406,
  "x": 74.5631067961165,
  "y": 75.805825242718441,
  "z": 2000
}