{
  "height": 315.9978249048396,
  "width": 859.59760739532351,
  "x": 332.00652528548125,
  "y": 82.131593257205,
  "z": 7375
}