{
  "height": 211.36362595991656,
  "id": 6495304,
  "width": 415.22727272727275,
  "x": 784.43181818181824,
  "y": 428.86364676735622,
  "z": 9000
}