{
  "height": 23.474903474903478,
  "tabOrder": 35000,
  "width": 38.3011583011583,
  "x": 49.420849420849422,
  "y": 581.93050193050192,
  "z": 2000
}