{
  "height": 23.013019218846868,
  "id": 29795877,
  "tabOrder": 22000,
  "width": 182.51704897706136,
  "x": 734.03595784252934,
  "y": 384.07935523868565,
  "z": 8000
}