{
  "height": 50.020040080160321,
  "tabOrder": 6000,
  "width": 160,
  "x": 460.44088176352705,
  "y": 642.53146546659093,
  "z": 15000
}