{
  "height": 67.143468398702012,
  "width": 120.22099447513824,
  "x": 677.18197573656607,
  "y": 0.038852043286940141,
  "z": 0
}