{
  "height": 39.560439560439562,
  "tabOrder": 7000,
  "width": 163.51648351648353,
  "x": 959.12087912087918,
  "y": 210.989010989011,
  "z": 6000
}