{
  "height": 29.890109890109891,
  "tabOrder": 3000,
  "width": 40.439560439560438,
  "x": 1091.4285714285716,
  "y": 147.69230769230768,
  "z": 9000
}