{
  "height": 308,
  "width": 690.33280507131542,
  "x": 514.61172741679877,
  "y": 75.309033280507137,
  "z": 50000
}