{
  "height": 47.665758401453225,
  "tabOrder": 9250,
  "width": 585.94005449591282,
  "x": 80.217983651226163,
  "y": 88.3560399636694,
  "z": 12000
}