{
  "height": 29.010989010989011,
  "tabOrder": 14000,
  "width": 106.37362637362638,
  "x": 363.95604395604397,
  "y": 96.7032967032967,
  "z": 14000
}