{
  "height": 62.389937106918239,
  "tabOrder": 3000,
  "width": 330.062893081761,
  "x": 23.144654088050313,
  "y": 26.163522012578614,
  "z": 3000
}