{
  "height": 84.545444141734734,
  "id": 2292632,
  "width": 218.86363636363637,
  "x": 960.34090909090912,
  "y": 92.045454545454547,
  "z": 8875
}