{
  "height": 29.517819706498951,
  "tabOrder": 9000,
  "width": 104.65408805031446,
  "x": 264.31865828092242,
  "y": 95.262054507337524,
  "z": 9000
}