{
  "height": 189.34455802766084,
  "tabOrder": 21004,
  "width": 346.36199639206251,
  "x": 455.65844858689115,
  "y": 64.654239326518336,
  "z": 35005
}