{
  "height": 171.0252100840336,
  "width": 424.87394957983196,
  "x": 818.55462184873954,
  "y": 491.56302521008405,
  "z": 0
}