{
  "height": 263.42701722574805,
  "tabOrder": 4125,
  "width": 452.20315834942124,
  "x": 16.113296616837136,
  "y": 426.98683869826459,
  "z": 2000
}