{
  "height": 257.825311942959,
  "tabOrder": 2500,
  "width": 528.19964349376107,
  "x": 697.04099821746877,
  "y": 39.928698752228165,
  "z": 0
}