{
  "height": 39.746434231378764,
  "tabOrder": 2000,
  "width": 39.746434231378764,
  "x": 709.17272697726821,
  "y": 501.0459587955624,
  "z": 14000
}