{
  "height": 316,
  "width": 710.87163232963553,
  "x": 510.04754358161648,
  "y": 393,
  "z": 51000
}