{
  "height": 39.544715447154474,
  "tabOrder": 5000,
  "width": 39.544715447154474,
  "x": 709.33333333333337,
  "y": 689.560975609756,
  "z": 6000
}