{
  "height": 50.586370839936613,
  "tabOrder": 19000,
  "width": 160.19017432646592,
  "x": 142.12361331220285,
  "y": 641.96513470681464,
  "z": 15500
}