{
  "height": 269.23351158645272,
  "tabOrder": 9000,
  "width": 485.40032591020372,
  "x": 542.47846196858393,
  "y": 404.99108734402847,
  "z": 6000
}