{
  "height": 44.835164835164839,
  "tabOrder": 6000,
  "width": 44.835164835164839,
  "x": 1211.4285714285716,
  "y": 140.2197802197802,
  "z": 12000
}