{
  "height": 25.858585858585858,
  "id": 29795913,
  "tabOrder": 21000,
  "width": 129.2929292929293,
  "x": 1145.5353535353536,
  "y": 2.5858585858585861,
  "z": 10000
}