{
  "height": 119.52855847688123,
  "tabOrder": 7125,
  "width": 263.427017225748,
  "x": 406.16500453309158,
  "y": 81.233000906618315,
  "z": 4000
}