{
  "height": 26.23885918003565,
  "tabOrder": 4000,
  "width": 100.3921568627451,
  "x": 974.26024955436719,
  "y": 53.618538324420676,
  "z": 5000
}