{
  "height": 538.46702317290556,
  "tabOrder": 5000,
  "width": 36.506238859180037,
  "x": 1243.49376114082,
  "y": 135.75757575757575,
  "z": 7000
}