{
  "height": 25.494505494505496,
  "tabOrder": 7000,
  "width": 118.68131868131869,
  "x": 817.58241758241763,
  "y": 50.989010989010993,
  "z": 7000
}