{
  "height": 50,
  "tabOrder": 1000,
  "width": 120,
  "x": 765.23948019131342,
  "y": -0.038852043286940141,
  "z": 5000
}