{
  "height": 49.913344887348352,
  "width": 119.79202772963605,
  "x": 0.13782095675014716,
  "y": 0,
  "z": 1000
}