{
  "height": 39.9679743795036,
  "tabOrder": 10500,
  "width": 100.43234587670136,
  "x": 0,
  "y": 0,
  "z": 0
}