{
  "height": 172.10084033613447,
  "tabOrder": 3000,
  "width": 420.57142857142856,
  "x": 819.63025210084038,
  "y": 126.92436974789916,
  "z": 3000
}