{
  "height": 97.656675749318808,
  "id": 2311996,
  "width": 191.82561307901909,
  "x": 77.8928247048138,
  "y": 509.20980926430519,
  "z": 3000
}