{
  "height": 62.497652582159624,
  "tabOrder": 5000,
  "width": 330.51643192488262,
  "x": 22.835680751173708,
  "y": 25.239436619718308,
  "z": 5000
}