{
  "height": 62.556390977443606,
  "width": 413.83458646616538,
  "x": 22.857142857142858,
  "y": 25.263157894736842,
  "z": 2000
}