{
  "height": 30.781563126252507,
  "tabOrder": 17000,
  "width": 53.867735470941888,
  "x": 541.24248496993994,
  "y": 48.7374749498998,
  "z": 18000
}