{
  "height": 460.1503759398496,
  "width": 395.187969924812,
  "x": 51.969924812030072,
  "y": 172.15037593984962,
  "z": 0
}