{
  "height": 119.78609625668449,
  "tabOrder": 8031,
  "width": 263.52941176470586,
  "x": 197.36185383244214,
  "y": 471.15864527629236,
  "z": 5000
}