{
  "height": 39.928698752228165,
  "tabOrder": 16000,
  "width": 290.90909090909088,
  "x": 296.6131907308378,
  "y": 199.6434937611408,
  "z": 16000
}