{
  "height": 49.420849420849422,
  "width": 80.308880308880319,
  "x": 132.20077220077221,
  "y": 652.35521235521242,
  "z": 19000
}