{
  "height": 194.82421875,
  "width": 183.203125,
  "x": 27.357422709465027,
  "y": 828.515625,
  "z": 5125
}