{
  "height": 40.439560439560438,
  "tabOrder": 16000,
  "width": 253.1868131868132,
  "x": 670.769230769231,
  "y": 298.02197802197804,
  "z": 16000
}