{
  "height": 68.652931854199679,
  "tabOrder": 12000,
  "width": 140.91917591125198,
  "x": 454.0729001584786,
  "y": 311.94928684627575,
  "z": 10000
}