{
  "height": 40,
  "tabOrder": -1001,
  "width": 120,
  "x": 273.2521270501847,
  "y": 27.069803573655967,
  "z": 14000
}