{
  "height": 531.17180616740086,
  "tabOrder": 1000,
  "width": 702.590308370044,
  "x": 36.08810572687225,
  "y": 129.69162995594715,
  "z": 1000
}