{
  "height": 257.825311942959,
  "tabOrder": 4000,
  "width": 528.19964349376107,
  "x": 0,
  "y": 0,
  "z": 4000
}