{
  "height": 40.251572327044023,
  "tabOrder": 6000,
  "width": 118.74213836477988,
  "x": 33.20754716981132,
  "y": 645.03144654088044,
  "z": 6000
}