{
  "height": 40.073664825046045,
  "tabOrder": -5001,
  "width": 120.22099447513813,
  "x": 742.3637292601295,
  "y": 27.069803573655967,
  "z": 9000
}