{
  "height": 300,
  "width": 300,
  "x": 823.33333333333326,
  "y": 157.07070707070704,
  "z": 0
}