{
  "height": 66.244057052297947,
  "tabOrder": 13000,
  "width": 132.48811410459589,
  "x": 454.0729001584786,
  "y": 379.39778129952458,
  "z": 11000
}