{
  "height": 79.875195007800315,
  "tabOrder": -9999000,
  "width": 79.875195007800315,
  "x": 0,
  "y": 0,
  "z": 0
}