{
  "height": 79.81057616416733,
  "width": 230.33938437253354,
  "x": 1049.6606156274665,
  "y": 416.22730860299919,
  "z": 56000
}