{
  "height": 23.626492942453854,
  "tabOrder": 33000,
  "width": 38.914223669924,
  "x": 38.914223669924,
  "y": 618.45819761129212,
  "z": 0
}