{
  "height": 50.032573289902281,
  "tabOrder": 19000,
  "width": 80.60803474484257,
  "x": 644.86427795874056,
  "y": 651.813246471227,
  "z": 12000
}