{
  "height": 50.097847358121328,
  "tabOrder": 20000,
  "width": 80.156555772994125,
  "x": 552.32876712328766,
  "y": 652.52446183953032,
  "z": 11000
}