{
  "height": 24.739495798319329,
  "tabOrder": 7000,
  "width": 130.15126050420167,
  "x": 1089.6134453781513,
  "y": 37.647058823529413,
  "z": 7000
}