{
  "height": 50.216172938350681,
  "tabOrder": 10125,
  "width": 248.00640512409927,
  "x": 39.9679743795036,
  "y": 79.9359487590072,
  "z": 5000
}