{
  "height": 28.520499108734402,
  "tabOrder": 2000,
  "width": 131.19429590017825,
  "x": 1092.9055258467024,
  "y": 42.210338680926917,
  "z": 3000
}