{
  "height": 190.38901601830665,
  "tabOrder": 21002,
  "width": 121.06788710907705,
  "x": 200.15255530129673,
  "y": 64.439359267734559,
  "z": 35003
}