{
  "height": 68.652931854199679,
  "tabOrder": 17000,
  "width": 395.05546751188592,
  "x": 864.78605388272581,
  "y": 216.7987321711569,
  "z": 16000
}