{
  "name": "bb138ed8833603195536",
  "layouts": [
    {
      "id": 0,
      "position": {
        "height": 42.452762923351159,
        "width": 991.3725490196075,
        "x": 36.506238859180037,
        "y": 93.547237076648841,
        "z": 10000
      }
    }
  ],
  "singleVisualGroup": {
    "displayName": "Group 1",
    "groupMode": 0,
    "objects": {
      "background": [
        {
          "properties": {
            "show": {
              "expr": {
                "Literal": {
                  "Value": "false"
                }
              }
            }
          }
        }
      ]
    }
  }
}