{
  "height": 42.452762923351159,
  "width": 991.3725490196075,
  "x": 36.506238859180037,
  "y": 93.547237076648841,
  "z": 10000
}