{
  "height": 41.195559350982066,
  "tabOrder": 6500,
  "width": 383.05721605465413,
  "x": 135.66801674545414,
  "y": 339.56237844980222,
  "z": 3000
}