{
  "height": 49.913344887348352,
  "width": 119.79202772963605,
  "x": 909.53206239168117,
  "y": 0,
  "z": 3000
}