{
  "height": 114.10459587955627,
  "tabOrder": 8000,
  "width": 131.85419968304279,
  "x": 59.587955625990496,
  "y": 246.59270998415215,
  "z": 8000
}