{
  "height": 62.006920415224911,
  "tabOrder": 8500,
  "width": 330.70357554786619,
  "x": 131.39561707035756,
  "y": 26.574394463667819,
  "z": 1000
}