{
  "height": 97.6538146021329,
  "tabOrder": 16125,
  "width": 165.90648072190319,
  "x": 30.451189499589827,
  "y": 76.65299425758819,
  "z": 3000
}