{
  "height": 39.560439560439562,
  "tabOrder": 5000,
  "width": 39.560439560439562,
  "x": 1151.868131868132,
  "y": 142.85714285714283,
  "z": 11000
}