{
  "height": 231,
  "id": 29795908,
  "tabOrder": 15000,
  "width": 388.03099087300762,
  "x": 403,
  "y": 50.00182440020189,
  "z": 2000
}