{
  "height": 548.314606741573,
  "width": 862.92134831460669,
  "x": 384.71910112359546,
  "y": 128.53932584269663,
  "z": 2000
}