{
  "height": 185.9375,
  "width": 183.203125,
  "x": 27.357422709465027,
  "y": 637.79296875,
  "z": 5875
}