{
  "height": 241.31147540983608,
  "tabOrder": 22000,
  "width": 186.5209471766849,
  "x": 1063.1693989071039,
  "y": 67.613843351548269,
  "z": 2000
}