{
  "height": 664.67348544453193,
  "width": 770.41699449252565,
  "x": 499.51219512195127,
  "y": 31.219512195121954,
  "z": 3000
}