{
  "height": 308.24489795918367,
  "width": 690.67755102040815,
  "x": 544.74011479591832,
  "y": 31.346938775510203,
  "z": 0
}