{
  "height": 315.86563307493537,
  "tabOrder": 24000,
  "width": 178.60465116279067,
  "x": 1071.627906976744,
  "y": 67.803617571059434,
  "z": 37
}