{
  "height": 263.7433155080214,
  "tabOrder": 4500,
  "width": 461.06951871657748,
  "x": 12.513368983957218,
  "y": 147.27272727272725,
  "z": 0
}