{
  "height": 215.8011049723757,
  "id": 2292689,
  "width": 399.44753404480321,
  "x": 793.92263170105321,
  "y": 415.69060773480663,
  "z": 7000
}