{
  "height": 269.23351158645278,
  "tabOrder": 11000,
  "width": 378.71279743051571,
  "x": 394.76313839836121,
  "y": 311.44385026737967,
  "z": 3000
}