{
  "height": 50,
  "width": 120.22099447513813,
  "x": 1055.252127050182,
  "y": -0.038852043286940141,
  "z": 6000
}