{
  "height": 56.914700544464608,
  "tabOrder": 3000,
  "width": 564.50090744101635,
  "x": 243.92014519056261,
  "y": 9.2921960072595287,
  "z": 3000
}