{
  "height": 42.851828890266582,
  "id": 29795864,
  "tabOrder": 8000,
  "width": 130.14259144451333,
  "x": 153.90863795940973,
  "y": 0,
  "z": 3000
}