{
  "height": 179.78515625,
  "width": 1279.6875,
  "x": 0,
  "y": 252.51952707767487,
  "z": 7625
}