{
  "height": 30.471698113207548,
  "tabOrder": 26000,
  "width": 54.669811320754718,
  "x": 1083.5377358490566,
  "y": 74.386792452830193,
  "z": 29000
}