{
  "height": 373.0418943533698,
  "tabOrder": 19000,
  "width": 433.66120218579238,
  "x": 71.111111111111114,
  "y": 321.74863387978144,
  "z": 0
}