{
  "height": 67.182320441988949,
  "width": 120.22099447513813,
  "x": 532.93881670289352,
  "y": 0,
  "z": 1000
}