{
  "height": 56.401468788249694,
  "tabOrder": 7000,
  "width": 455.61811505507956,
  "x": 244.11260709914322,
  "y": 9.6940024479804165,
  "z": 7000
}