{
  "height": 179.78515625,
  "width": 1279.6875,
  "x": 0,
  "y": 834.53122079372406,
  "z": 2000
}