{
  "height": 40.330188679245289,
  "tabOrder": 12000,
  "width": 691.88679245283026,
  "x": 544.00943396226421,
  "y": 64.528301886792462,
  "z": 21000
}