{
  "height": 30.117647058823529,
  "tabOrder": 6000,
  "width": 124.77310924369748,
  "x": 968.06722689075627,
  "y": 41.949579831932773,
  "z": 6000
}