{
  "height": 39.746434231378764,
  "tabOrder": 18000,
  "width": 119.2393026941363,
  "x": 454.0729001584786,
  "y": 473.34389857369257,
  "z": 0
}