{
  "height": 44.930612244897958,
  "width": 460.8,
  "x": 589.32244897959185,
  "y": 317.64897959183673,
  "z": 1000
}