{
  "height": 40.073664825046045,
  "tabOrder": 24000,
  "width": 120.22099447513813,
  "x": 890.17386407421247,
  "y": 27.069803573655971,
  "z": 20015
}