{
  "height": 40.073664825046045,
  "width": 120.22099447513813,
  "x": 577.28546628415722,
  "y": 27.069803573655971,
  "z": 12000
}