{
  "height": 25.5535390199637,
  "tabOrder": 7000,
  "width": 101.05263157894737,
  "x": 1111.578947368421,
  "y": 51.1070780399274,
  "z": 7000
}