{
  "height": 33.083778966131909,
  "tabOrder": 3000,
  "width": 124.34937611408199,
  "x": 960.57040998217462,
  "y": 37.647058823529413,
  "z": 4000
}