{
  "height": 527.13426853707415,
  "tabOrder": 15000,
  "width": 301.40280561122245,
  "x": 293.70741482965934,
  "y": 114.14829659318637,
  "z": 17000
}