{
  "name": "1631a9444bac19ce546f",
  "layouts": [
    {
      "id": 0,
      "position": {
        "height": 67.108655616942912,
        "width": 120.22099447513813,
        "x": 0,
        "y": 0,
        "z": 5000
      }
    }
  ],
  "singleVisualGroup": {
    "displayName": "Australia",
    "groupMode": 0
  },
  "parentGroupName": "648bafd380589f72f255"
}