{
  "height": 240.8664259927798,
  "tabOrder": 12000,
  "width": 407.22021660649824,
  "x": 389.02527075812276,
  "y": 69.314079422382676,
  "z": 1000
}