{
  "height": 97.7306468716861,
  "id": 6495301,
  "width": 192.067868504772,
  "x": 78.048780487804876,
  "y": 517.15800636267238,
  "z": 2000
}