{
  "height": 40.073664825046045,
  "tabOrder": -7001,
  "width": 120.22099447513813,
  "x": 1055.2521270501823,
  "y": 27.069803573655967,
  "z": 5000
}