{
  "height": 367.19191919191917,
  "id": 29795892,
  "width": 486.14141414141415,
  "x": 437.010101010101,
  "y": 51.717171717171716,
  "z": 1000
}