{
  "height": 173.72854914196569,
  "width": 186.70826833073323,
  "x": 0,
  "y": 78.876755070202819,
  "z": 3000
}