{
  "height": 97.357886309047231,
  "tabOrder": 10007,
  "width": 166.02081665332264,
  "x": 329.99199359487591,
  "y": 196.76541232986389,
  "z": 7000
}