{
  "height": 25.541059094397543,
  "tabOrder": 3000,
  "width": 100.19953952417497,
  "x": 837.94320798158094,
  "y": 50.099769762087483,
  "z": 7000
}