{
  "height": 97.7306468716861,
  "id": 2292658,
  "width": 192.067868504772,
  "x": 77.370095440084839,
  "y": 370.56203605514315,
  "z": 4000
}