{
  "height": 557.67033933683206,
  "id": 2292664,
  "width": 453.08457909245124,
  "x": 323.52841391009326,
  "y": 81.786827753922807,
  "z": 11000
}