{
  "height": 40.073664825046045,
  "tabOrder": -6001,
  "width": 120.22099447513813,
  "x": 765.15108240125835,
  "y": 27.069803573655967,
  "z": 4000
}