{
  "height": 39.560439560439562,
  "tabOrder": 16250,
  "width": 81.758241758241766,
  "x": 126.5934065934066,
  "y": 16.703296703296704,
  "z": 15000
}