{
  "height": 39.350982066609738,
  "tabOrder": 5250,
  "width": 424.25277540563621,
  "x": 135.66801674545414,
  "y": 383.37237762396421,
  "z": 4000
}