{
  "height": 68.652931854199679,
  "tabOrder": 14000,
  "width": 132.48811410459589,
  "x": 454.0729001584786,
  "y": 444.43740095087162,
  "z": 12000
}