{
  "height": 250.98039215686273,
  "tabOrder": 4000,
  "width": 36.506238859180037,
  "x": 0,
  "y": 138.0392156862745,
  "z": 8000
}