{
  "height": 67.368421052631575,
  "width": 67.368421052631575,
  "x": 99.368421052631575,
  "y": 99.368421052631575,
  "z": 52000
}