{
  "height": 100.4000244140625,
  "id": 2310477,
  "width": 71,
  "x": 5,
  "y": 33.600006103515625,
  "z": 3000
}