{
  "height": 538.989898989899,
  "width": 753.93939393939388,
  "x": 39.595959595959592,
  "y": 123.63636363636363,
  "z": 0
}