{
  "height": 57.123966942148762,
  "tabOrder": 2000,
  "width": 532.099173553719,
  "x": 262.34710743801651,
  "y": 9.5206611570247937,
  "z": 2000
}