{
  "height": 59.783393501805058,
  "tabOrder": -2001,
  "width": 1234.6570397111914,
  "x": 23.393501805054154,
  "y": 0,
  "z": 0
}