{
  "height": 25.393676379417233,
  "id": 29795904,
  "tabOrder": 2000,
  "width": 115.85864848109112,
  "x": 595.95784252944816,
  "y": 422.96342219466828,
  "z": 5000
}