{
  "height": 42.001640689089413,
  "tabOrder": 8000,
  "width": 259.36013125512716,
  "x": 1006.9893355209188,
  "y": 678.326497128794,
  "z": 8000
}