{
  "height": 546.84636118598382,
  "tabOrder": 3750,
  "width": 901.34770889487868,
  "x": 34.501347708894876,
  "y": 115.57951482479784,
  "z": 0
}