{
  "height": 263.7433155080214,
  "tabOrder": 4250,
  "width": 452.40641711229944,
  "x": 473.58288770053474,
  "y": 147.27272727272725,
  "z": 3000
}