{
  "height": 50,
  "tabOrder": 14000,
  "width": 120,
  "x": 421.19485854935078,
  "y": -0.038852043286939288,
  "z": 20250
}