{
  "height": 263.77455166524339,
  "tabOrder": 4000,
  "width": 614.85909479077714,
  "x": 649.90606319385154,
  "y": 0,
  "z": 4000
}