{
  "height": 33.160377358490571,
  "tabOrder": 12000,
  "width": 1279.8113207547171,
  "x": 0,
  "y": 726.83962264150944,
  "z": 20000
}