{
  "height": 49.6048632218845,
  "tabOrder": 16500,
  "width": 364.74164133738606,
  "x": 888.99696048632222,
  "y": 12.644376899696049,
  "z": 7000
}