{
  "height": 25.016286644951141,
  "tabOrder": 35000,
  "width": 38.914223669924,
  "x": 38.914223669924,
  "y": 569.8154180238871,
  "z": 2000
}