{
  "height": 249.031224979984,
  "tabOrder": 10031,
  "width": 268.5028022417934,
  "x": 29.719775820656523,
  "y": 388.40672538030424,
  "z": 2000
}