{
  "height": 9.476309226932667,
  "tabOrder": 28000,
  "width": 9.476309226932667,
  "x": 109.8171238570241,
  "y": 109.8171238570241,
  "z": 35000
}