{
  "height": 34.285714285714285,
  "tabOrder": 4000,
  "width": 130.989010989011,
  "x": 811.42857142857144,
  "y": 36.043956043956044,
  "z": 4000
}