{
  "height": 42.001640689089413,
  "width": 259.36013125512716,
  "x": 1006.9893355209188,
  "y": 677.99835931091059,
  "z": 2000
}