{
  "height": 39.573560767590621,
  "tabOrder": 6000,
  "width": 150.10660980810235,
  "x": 71.896869244935544,
  "y": 27.535094849352291,
  "z": 4000
}