{
  "height": 19.838809671419714,
  "id": 29795856,
  "tabOrder": 16000,
  "width": 388.04711717296959,
  "x": 0.79355238685678853,
  "y": 41.264724116553005,
  "z": 4000
}