{
  "height": 50.216172938350681,
  "tabOrder": 10250,
  "width": 263.37870296236986,
  "x": 989.97598078462761,
  "y": 12.297838270616493,
  "z": 9000
}