{
  "height": 630.63063063063066,
  "width": 367.979395411036,
  "x": 74.954954954954957,
  "y": 74.954954954954957,
  "z": 1500
}