{
  "height": 239.57219251336898,
  "tabOrder": 13500,
  "width": 629.73262032085563,
  "x": 622.88770053475935,
  "y": 76.4349376114082,
  "z": 6000
}