{
  "height": 119.52855847688123,
  "tabOrder": 7062,
  "width": 263.427017225748,
  "x": 681.19673617407079,
  "y": 81.233000906618315,
  "z": 5000
}