{
  "height": 50.032573289902281,
  "tabOrder": 22000,
  "width": 95.8957654723127,
  "x": 1013.1596091205213,
  "y": 651.813246471227,
  "z": 4000
}