{
  "height": 623.3831628638867,
  "tabOrder": 3000,
  "width": 642.51770259638079,
  "x": 23.162863886703384,
  "y": 87.616050354051936,
  "z": 3000
}