{
  "height": 52.390096008084889,
  "id": 2292695,
  "width": 192.74381000505306,
  "x": 76.968165740272866,
  "y": 303.99191510864074,
  "z": 4375
}