{
  "height": 33.202391118701961,
  "tabOrder": 9125,
  "width": 268.07856532877884,
  "x": 135.66801674545414,
  "y": 135.88385994876174,
  "z": 7000
}