{
  "height": 380.60221870047548,
  "tabOrder": 5000,
  "width": 403.486529318542,
  "x": 18.066561014263076,
  "y": 144.53248811410461,
  "z": 2000
}