{
  "height": 172.15037593984962,
  "width": 323.72932330827064,
  "x": 20.571428571428569,
  "y": 0,
  "z": 1000
}