{
  "height": 40,
  "tabOrder": -1001,
  "width": 120,
  "x": 232.21226569836489,
  "y": 27.069803573655967,
  "z": 11000
}