{
  "height": 24.558710667689944,
  "width": 130.65234075211049,
  "x": 822.2256331542593,
  "y": 37.329240214888713,
  "z": 2000
}