{
  "height": 29.132290184921764,
  "id": 29795889,
  "tabOrder": 18000,
  "width": 122.9018492176387,
  "x": 133.19319645942164,
  "y": 0.69139521614482646,
  "z": 5000
}