{
  "height": 217.79005524861878,
  "id": 2292688,
  "width": 453.81213446348414,
  "x": 328.17679558011048,
  "y": 415.69060773480663,
  "z": 7250
}