{
  "height": 179.78515625,
  "width": 1279.6875,
  "x": 0,
  "y": 446.5234249830246,
  "z": 6250
}