{
  "height": 237.27272727272728,
  "id": 6495303,
  "width": 413.863657171076,
  "x": 785.79543373801494,
  "y": 175.90909090909091,
  "z": 10000
}