{
  "height": 521.25786163522014,
  "id": 474669154,
  "width": 306.9182389937107,
  "x": 23.144654088050313,
  "y": 96.603773584905653,
  "z": 1000
}