{
  "height": 321.75824175824175,
  "tabOrder": 1000,
  "width": 185.49450549450549,
  "x": 975.82417582417588,
  "y": 269.010989010989,
  "z": 7000
}