{
  "height": 97.7306468716861,
  "id": 2292655,
  "width": 192.067868504772,
  "x": 78.048780487804876,
  "y": 223.28738069989396,
  "z": 6000
}