{
  "height": 147.20487433358718,
  "id": 2292693,
  "width": 193.998476770754,
  "x": 77.014470677837011,
  "y": 59.46686976389946,
  "z": 8375
}