{
  "height": 760,
  "tabOrder": 9000,
  "width": 500.16051364365967,
  "x": 764.87961476725513,
  "y": 0,
  "z": 12000
}