{
  "height": 45.641838351822507,
  "width": 460.06974451515453,
  "x": 514.61172741679877,
  "y": 353.72424722662441,
  "z": 66500
}